Secuencia original, Secuencia Normalizada, Secuencia escalada
3,0.333333,13.3333
4,0.444444,14.4444
8,0.888889,18.8889
6,0.666667,16.6667
7,0.777778,17.7778
2,0.222222,12.2222
0,0,10
1,0.111111,11.1111
5,0.555556,15.5556
